<!-- $Id: AtlasFontsTemplates.xml 140 2017-01-16 08:56:14Z arith $ -->
<!--

	Atlas, a World of Warcraft instance map browser
	Copyright 2005 ~ 2010 - Dan Gilbert <dan.b.gilbert at gmail dot com>
	Copyright 2010 - Lothaer <lothayer at gmail dot com>, Atlas Team
	Copyright 2011 ~ 2017 - Arith Hsu, Atlas Team <atlas.addon at gmail dot com>

	This file is part of Atlas.

	Atlas is free software; you can redistribute it and/or modify
	it under the terms of the GNU General Public License as published by
	the Free Software Foundation; either version 2 of the License, or
	(at your option) any later version.

	Atlas is distributed in the hope that it will be useful,
	but WITHOUT ANY WARRANTY; without even the implied warranty of
	MERCHANTABILITY or FITNESS FOR A PARTICULAR PURPOSE.  See the
	GNU General Public License for more details.

	You should have received a copy of the GNU General Public License
	along with Atlas; if not, write to the Free Software
	Foundation, Inc., 51 Franklin St, Fifth Floor, Boston, MA  02110-1301  USA

-->

<Ui xmlns="http://www.blizzard.com/wow/ui/" xmlns:xsi="http://www.w3.org/2001/XMLSchema-instance" xsi:schemaLocation="http://www.blizzard.com/wow/ui/
..\FrameXML\UI.xsd">
	<FontFamily name="AtlasSystemFont_Shadow_Large_Outline_Thick" virtual="true">
		<Member alphabet="roman">
			<Font font="Fonts\FRIZQT__.TTF" height="16" outline="THICK">
				<Shadow>
					<Offset>
						<AbsDimension x="1" y="-1"/>
					</Offset>
					<Color r="0" g="0" b="0"/>
				</Shadow>
			</Font>
		</Member>
		<Member alphabet="korean">
			<Font font="Fonts\2002.TTF" height="14" outline="THICK">
				<Shadow>
					<Offset>
						<AbsDimension x="1" y="-1"/>
					</Offset>
					<Color r="0" g="0" b="0"/>
				</Shadow>
			</Font>
		</Member>
		<Member alphabet="simplifiedchinese">
			<Font font="Fonts\ARKai_T.ttf" height="17" outline="THICK">
				<Shadow>
					<Offset>
						<AbsDimension x="1" y="-1"/>
					</Offset>
					<Color r="0" g="0" b="0"/>
				</Shadow>
			</Font>
		</Member>
		<Member alphabet="traditionalchinese">
			<Font font="Fonts\blei00d.TTF" height="17" outline="THICK">
				<Shadow>
					<Offset>
						<AbsDimension x="1" y="-1"/>
					</Offset>
					<Color r="0" g="0" b="0"/>
				</Shadow>
			</Font>
		</Member>
		<Member alphabet="russian">
			<Font font="Fonts\FRIZQT___CYR.TTF" height="16" outline="THICK">
				<Shadow>
					<Offset>
						<AbsDimension x="1" y="-1"/>
					</Offset>
					<Color r="0" g="0" b="0"/>
				</Shadow>
			</Font>
		</Member>
	</FontFamily>
	<FontFamily name="AtlasSystemFont_Shadow_Large_Outline_Normal" virtual="true">
		<Member alphabet="roman">
			<Font font="Fonts\FRIZQT__.TTF" height="16" outline="NORMAL">
				<Shadow>
					<Offset>
						<AbsDimension x="1" y="-1"/>
					</Offset>
					<Color r="0" g="0" b="0"/>
				</Shadow>
			</Font>
		</Member>
		<Member alphabet="korean">
			<Font font="Fonts\2002.TTF" height="14" outline="NORMAL">
				<Shadow>
					<Offset>
						<AbsDimension x="1" y="-1"/>
					</Offset>
					<Color r="0" g="0" b="0"/>
				</Shadow>
			</Font>
		</Member>
		<Member alphabet="simplifiedchinese">
			<Font font="Fonts\ARKai_T.ttf" height="17" outline="NORMAL">
				<Shadow>
					<Offset>
						<AbsDimension x="1" y="-1"/>
					</Offset>
					<Color r="0" g="0" b="0"/>
				</Shadow>
			</Font>
		</Member>
		<Member alphabet="traditionalchinese">
			<Font font="Fonts\blei00d.TTF" height="17" outline="NORMAL">
				<Shadow>
					<Offset>
						<AbsDimension x="1" y="-1"/>
					</Offset>
					<Color r="0" g="0" b="0"/>
				</Shadow>
			</Font>
		</Member>
		<Member alphabet="russian">
			<Font font="Fonts\FRIZQT___CYR.TTF" height="16" outline="NORMAL">
				<Shadow>
					<Offset>
						<AbsDimension x="1" y="-1"/>
					</Offset>
					<Color r="0" g="0" b="0"/>
				</Shadow>
			</Font>
		</Member>
	</FontFamily>
	<FontFamily name="AtlasSystemFont_Large_Outline_Thick" virtual="true">
		<Member alphabet="roman">
			<Font font="Fonts\FRIZQT__.TTF" height="16" outline="THICK">
			</Font>
		</Member>
		<Member alphabet="korean">
			<Font font="Fonts\2002.TTF" height="14" outline="THICK">
			</Font>
		</Member>
		<Member alphabet="simplifiedchinese">
			<Font font="Fonts\ARKai_T.ttf" height="17" outline="THICK">
			</Font>
		</Member>
		<Member alphabet="traditionalchinese">
			<Font font="Fonts\blei00d.TTF" height="17" outline="THICK">
			</Font>
		</Member>
		<Member alphabet="russian">
			<Font font="Fonts\FRIZQT___CYR.TTF" height="16" outline="THICK">
			</Font>
		</Member>
	</FontFamily>
	<FontFamily name="AtlasSystemFont_Large_Outline_Normal" virtual="true">
		<Member alphabet="roman">
			<Font font="Fonts\FRIZQT__.TTF" height="16" outline="NORMAL">
			</Font>
		</Member>
		<Member alphabet="korean">
			<Font font="Fonts\2002.TTF" height="14" outline="NORMAL">
			</Font>
		</Member>
		<Member alphabet="simplifiedchinese">
			<Font font="Fonts\ARKai_T.ttf" height="17" outline="NORMAL">
			</Font>
		</Member>
		<Member alphabet="traditionalchinese">
			<Font font="Fonts\blei00d.TTF" height="17" outline="NORMAL">
			</Font>
		</Member>
		<Member alphabet="russian">
			<Font font="Fonts\FRIZQT___CYR.TTF" height="16" outline="NORMAL">
			</Font>
		</Member>
	</FontFamily>
	<FontFamily name="AtlasNumberFont_Outline_Huge" virtual="true">
		<Member alphabet="roman">
			<Font font="Fonts\skurri.ttf" height="30" outline="THICK"/>
		</Member>
		<Member alphabet="korean">
			<Font font="Fonts\K_Damage.ttf" height="24" outline="THICK"/>
		</Member>
		<Member alphabet="simplifiedchinese">
			<Font font="Fonts\ARKai_C.ttf" height="20" outline="THICK"/>
		</Member>
		<Member alphabet="traditionalchinese">
			<Font font="Fonts\bKAI00M.ttf" height="20" outline="THICK"/>
		</Member>
		<Member alphabet="russian">
			<Font font="Fonts\SKURRI_CYR.TTF" height="30" outline="THICK"/>
		</Member>
	</FontFamily>	
	<FontFamily name="AtlasZoneInfoFont_Outline_Thick_Huge2" virtual="true">
		<Member alphabet="roman">
			<Font font="Fonts\FRIZQT__.TTF" height="22" outline="THICK"/>
		</Member>
		<Member alphabet="korean">
			<Font font="Fonts\K_Pagetext.TTF" height="22" outline="THICK"/>
		</Member>
		<Member alphabet="simplifiedchinese">
			<Font font="Fonts\ARKai_T.ttf" height="22" outline="THICK"/>
		</Member>
		<Member alphabet="traditionalchinese">
			<Font font="Fonts\blei00d.TTF" height="22" outline="THICK"/>
		</Member>
		<Member alphabet="russian">
			<Font font="Fonts\FRIZQT___CYR.TTF" height="22" outline="THICK"/>
		</Member>
	</FontFamily>
	<FontFamily name="AtlasSystemFont_OutlineThick_WTF" virtual="true">
		<Member alphabet="roman">
			<Font font="Fonts\FRIZQT__.TTF" height ="32" outline="THICK"/>
		</Member>
		<Member alphabet="korean">
			<Font font="Fonts\K_Pagetext.TTF" height="32" outline="THICK"/>
		</Member>
		<Member alphabet="simplifiedchinese">
			<Font font="Fonts\ARKai_T.ttf" height="32" outline="THICK"/>
		</Member>
		<Member alphabet="traditionalchinese">
			<Font font="Fonts\blei00d.TTF" height="32" outline="THICK"/>
		</Member>
		<Member alphabet="russian">
			<Font font="Fonts\FRIZQT___CYR.TTF" height="32" outline="THICK"/>
		</Member>
	</FontFamily>

	<Font name="AtlasZoneTextFont" inherits="AtlasSystemFont_OutlineThick_WTF" virtual="true">
		<Color r="1.0" g="0.9294" b="0.7607"/>
	</Font>
	<Font name="AtlasSubZoneTextFont" inherits="AtlasZoneInfoFont_Outline_Thick_Huge2" virtual="true">
		<Color r="1.0" g="0.9294" b="0.7607"/>
	</Font>
	<Font name="AtlasNumberFontNormalHugeWhite" inherits="AtlasNumberFont_Outline_Huge" virtual="true">
		<Color r="1.0" g="1.0" b="1.0"/>
	</Font>
	<Font name="AtlasNumberFontNormalHugeOrange" inherits="AtlasNumberFont_Outline_Huge" virtual="true">
		<Color r="1.0" g="1.0" b="1.0"/>
	</Font>


</Ui>
